date time,latitude,longitude,accuracy(m),altitude(m),geoid_height(m),speed(m/s),bearing(deg),sat_used,sat_inview
11/5/2024 14:44,35.73108249,51.53180922,12,1354.107,,0,,20,24
11/5/2024 14:44,35.73108257,51.53180625,8,1355.046,,0,,22,28
11/5/2024 14:44,35.7310777,51.5318067,8,1352.76,,0,,24,28
11/5/2024 14:44,35.73107648,51.53180927,8,1350.253,,0,,26,29
11/5/2024 14:44,35.73108094,51.53181736,8,1348.108,,0,,26,29
11/5/2024 14:44,35.73107954,51.53182399,8,1346.433,,0,,25,29
11/5/2024 14:44,35.73107596,51.53182477,8,1345.504,,0,,25,29
11/5/2024 14:44,35.73107382,51.53181763,8,1345.231,,0,,25,29
11/5/2024 14:44,35.73106964,51.53181136,8,1345.019,,0,,27,30
11/5/2024 14:44,35.73106697,51.53180784,6,1344.61,,0,,26,30
11/5/2024 14:44,35.73106196,51.53180266,6,1344.438,,0,,23,30
11/5/2024 14:44,35.73105802,51.53179769,6,1344.438,,0,,26,31
11/5/2024 14:44,35.73105492,51.53179469,6,1344.383,,0,,28,31
11/5/2024 14:44,35.73105363,51.53179232,6,1344.17,,0,,27,31
11/5/2024 14:44,35.73105323,51.53179429,6,1343.489,,0,,26,32
11/5/2024 14:44,35.73105292,51.53179444,6,1343.36,,0,,26,33
11/5/2024 14:44,35.73105174,51.53179453,6,1343.072,,0,,26,34
11/5/2024 14:44,35.73105199,51.53179377,6,1343.221,,0,,27,34
11/5/2024 14:44,35.73105163,51.53179124,6,1342.901,,0,,27,34
11/5/2024 14:44,35.73104813,51.53179405,6,1342.349,,0,,28,34
11/5/2024 14:44,35.73104162,51.53179406,6,1342.025,,0,,28,34
11/5/2024 14:44,35.73103749,51.53179194,6,1341.73,,0.544,231,27,34
11/5/2024 14:44,35.7310348,51.5317865,6,1341.554,,0.431,236,28,38
11/5/2024 14:44,35.73103673,51.53178552,6,1340.595,,0.327,237,29,38
11/5/2024 14:44,35.73103673,51.53178552,6,1340.155,,0,,30,37
11/5/2024 14:44,35.73103673,51.53178552,4,1339.732,,0,,28,37
11/5/2024 14:44,35.73103673,51.53178552,4,1339.236,,0,,29,37
11/5/2024 14:44,35.73103673,51.53178552,4,1339.209,,0,,30,38
11/5/2024 14:44,35.73103673,51.53178552,4,1339.025,,0,,30,38
11/5/2024 14:44,35.73103673,51.53178552,4,1338.858,,0,,30,38
11/5/2024 14:44,35.73103673,51.53178552,4,1338.882,,0,,29,38
11/5/2024 14:44,35.73103673,51.53178552,4,1338.784,,0,,29,38
11/5/2024 14:44,35.73103673,51.53178552,4,1338.615,,0,,29,38
11/5/2024 14:44,35.73103673,51.53178552,4,1338.331,,0,,30,38
11/5/2024 14:44,35.73103241,51.53177974,4,1338.07,,0.32,231,30,38
11/5/2024 14:44,35.73102824,51.53177541,4,1338.08,,0.616,227,30,37
11/5/2024 14:44,35.7310229,51.53177132,4,1338.215,,0.793,224,30,37
11/5/2024 14:44,35.73101775,51.53176685,4,1337.904,,0.685,222,29,37
11/5/2024 14:44,35.73101495,51.53176481,4,1337.618,,0.481,220,29,36
11/5/2024 14:44,35.73101265,51.53176316,4,1337.289,,0.418,221,29,37
11/5/2024 14:44,35.73101102,51.53176357,4,1337.047,,0.283,221,30,36
11/5/2024 14:44,35.73101103,51.53176577,4,1336.849,,0.007,221,30,36
11/5/2024 14:44,35.73100943,51.531765,4,1336.686,,0.224,221,30,36
11/5/2024 14:44,35.73100978,51.53176552,4,1336.186,,0.202,221,30,36
11/5/2024 14:44,35.73100901,51.53176543,4,1336.099,,0.198,221,30,37
11/5/2024 14:44,35.73100726,51.53176554,4,1335.823,,0.229,221,31,37
11/5/2024 14:44,35.73100671,51.53176579,4,1335.552,,0.161,221,31,36
11/5/2024 14:45,35.73100625,51.53176587,4,1335.414,,0.011,221,30,36
11/5/2024 14:45,35.73100621,51.53176582,4,1335.487,,0.067,221,29,37
11/5/2024 14:45,35.73100274,51.53176342,4,1335.292,,0.285,216,30,37
11/5/2024 14:45,35.73100363,51.53176451,4,1335.254,,0.036,216,31,37
11/5/2024 14:45,35.73100351,51.5317645,4,1335.054,,0,216,30,37
11/5/2024 14:45,35.73100319,51.53176361,4,1334.917,,0.039,216,29,36
11/5/2024 14:45,35.7310038,51.53176409,4,1334.897,,0.014,216,29,36
11/5/2024 14:45,35.73100293,51.5317644,4,1334.902,,0.044,216,29,36
11/5/2024 14:45,35.73100211,51.53176419,4,1334.883,,0.025,216,28,37
11/5/2024 14:45,35.73100109,51.53176471,4,1335.301,,0.197,216,29,37
11/5/2024 14:45,35.73100104,51.53176477,4,1335.192,,0.024,216,29,37
11/5/2024 14:45,35.73100098,51.53176482,4,1335.083,,0.014,216,29,37
11/5/2024 14:45,35.73100094,51.53176488,4,1335.025,,0.022,216,30,37
11/5/2024 14:45,35.73100088,51.53176495,4,1334.976,,0.013,216,29,37
11/5/2024 14:45,35.73100008,51.53176335,4,1335.488,,0.187,216,29,38
11/5/2024 14:45,35.73099862,51.53176257,4,1335.331,,0.008,216,29,38
11/5/2024 14:45,35.73099738,51.53176422,4,1335.065,,0.008,216,29,37
11/5/2024 14:45,35.7309967,51.53176423,4,1335.125,,0.025,216,27,37
11/5/2024 14:45,35.73099594,51.53176398,4,1335.101,,0.21,216,28,37
11/5/2024 14:45,35.73099372,51.53176183,4,1334.861,,0.316,211,28,38
11/5/2024 14:45,35.73098985,51.53175602,4,1334.833,,0.579,217,29,37
11/5/2024 14:45,35.73098391,51.5317461,4,1334.814,,0.848,229,29,38
11/5/2024 14:45,35.73097841,51.53173232,4,1334.879,,1.059,241,29,38
11/5/2024 14:45,35.73097466,51.53171928,4,1334.974,,1.12,249,28,38
11/5/2024 14:45,35.73097166,51.53171105,4,1335.025,,1.036,255,25,38
11/5/2024 14:45,35.73097025,51.53170735,4,1334.977,,0.816,255,27,38
11/5/2024 14:45,35.73096844,51.53170073,4,1335.009,,0.768,260,27,37
11/5/2024 14:45,35.73096784,51.53169466,4,1335.044,,0.699,260,27,37
11/5/2024 14:45,35.73096686,51.53169213,4,1335.096,,0.59,260,27,37
11/5/2024 14:45,35.73096874,51.53168758,4,1335.072,,0.339,259,29,38
11/5/2024 14:45,35.73096899,51.53168259,4,1335.091,,0.39,260,28,38
11/5/2024 14:45,35.73096998,51.53166848,4,1335.065,,0.728,268,30,38
11/5/2024 14:45,35.73097023,51.53164462,4,1335.018,,1.41,270,32,38
11/5/2024 14:45,35.73097253,51.5316121,4,1335.211,,2.018,274,31,38
11/5/2024 14:45,35.73097495,51.53157737,4,1335.379,,2.413,275,31,38
11/5/2024 14:45,35.73097774,51.53153658,4,1335.423,,2.789,274,32,38
11/5/2024 14:45,35.73097962,51.53148142,4,1335.538,,3.322,273,32,37
11/5/2024 14:45,35.73098318,51.53141338,4,1335.655,,3.913,274,22,37
11/5/2024 14:45,35.73098691,51.53134576,4,1336.078,,4.32,276,27,37
11/5/2024 14:45,35.73099797,51.5312693,4,1335.896,,4.751,279,25,37
11/5/2024 14:45,35.73100673,51.5311904,4,1335.708,,5.118,280,29,37
11/5/2024 14:45,35.73101955,51.53109961,4,1336.069,,5.552,280,28,37
11/5/2024 14:45,35.73103323,51.53100564,4,1335.607,,5.941,280,28,36
11/5/2024 14:45,35.73105038,51.53090272,4,1335.448,,9.058,280,28,36
11/5/2024 14:45,35.73106484,51.53079285,4,1335.14,,9.933,279,30,37
11/5/2024 14:45,35.73107955,51.53067067,4,1334.982,,10.87,278,31,37
11/5/2024 14:45,35.73109433,51.53054468,4,1334.641,,11.378,278,29,37
11/5/2024 14:45,35.73110928,51.53041753,4,1334.73,,11.343,278,29,37
11/5/2024 14:45,35.73112645,51.53029074,4,1334.557,,11.202,279,33,36
11/5/2024 14:45,35.73114358,51.53017679,4,1334.215,,10.166,280,28,37
11/5/2024 14:45,35.73115829,51.53008647,4,1333.932,,8.344,281,30,37
11/5/2024 14:45,35.73117169,51.5300059,4,1334.218,,6.442,284,31,38
11/5/2024 14:45,35.73117861,51.52995792,4,1333.709,,4.785,280,26,38
11/5/2024 14:45,35.73118379,51.52992285,4,1333.352,,3.242,281,25,38
11/5/2024 14:45,35.73118795,51.52990345,4,1333.267,,1.661,282,25,38
11/5/2024 14:45,35.73118897,51.52989881,4,1333.216,,0.607,282,28,38
11/5/2024 14:45,35.73118897,51.52989881,4,1332.996,,0,,27,38
11/5/2024 14:45,35.73118897,51.52989881,4,1333.05,,0,,29,38
11/5/2024 14:45,35.73118897,51.52989881,4,1333.087,,0,,29,38
11/5/2024 14:45,35.73118897,51.52989881,4,1333.167,,0,,28,38
11/5/2024 14:46,35.73118897,51.52989881,4,1333.11,,0,,29,38
11/5/2024 14:46,35.73118897,51.52989881,4,1333.075,,0,,30,38
11/5/2024 14:46,35.73118897,51.52989881,4,1333.039,,0,,31,38
11/5/2024 14:46,35.73118897,51.52989881,4,1332.97,,0,,31,38
11/5/2024 14:46,35.73118897,51.52989881,4,1332.831,,0,,27,37
11/5/2024 14:46,35.73118897,51.52989881,4,1332.845,,0,,26,37
11/5/2024 14:46,35.73118897,51.52989881,4,1332.756,,0,,28,37
11/5/2024 14:46,35.7311912,51.52988665,4,1332.636,,0.612,280,28,37
11/5/2024 14:46,35.73119464,51.52987214,4,1332.555,,1.32,283,29,37
11/5/2024 14:46,35.73119775,51.52985892,4,1332.454,,1.222,285,30,36
11/5/2024 14:46,35.73119888,51.52985463,4,1332.309,,0.431,285,32,37
11/5/2024 14:46,35.73119888,51.52985463,4,1332.2,,0,,31,37
11/5/2024 14:46,35.73119888,51.52985463,4,1332.224,,0,,31,36
11/5/2024 14:46,35.73119888,51.52985463,4,1332.185,,0,,31,36
11/5/2024 14:46,35.73119888,51.52985463,4,1332.136,,0,,31,37
11/5/2024 14:46,35.73119888,51.52985463,4,1332.203,,0,,31,37
11/5/2024 14:46,35.73119888,51.52985463,4,1332.25,,0,,31,37
11/5/2024 14:46,35.73119888,51.52985463,4,1332.259,,0,,31,37
11/5/2024 14:46,35.73119888,51.52985463,4,1332.215,,0,,31,37
11/5/2024 14:46,35.73119888,51.52985463,4,1332.213,,0,,32,37
11/5/2024 14:46,35.73119888,51.52985463,4,1332.215,,0,,32,36
11/5/2024 14:46,35.73119888,51.52985463,4,1332.199,,0,,30,37
11/5/2024 14:46,35.73119888,51.52985463,4,1332.087,,0,,30,37
11/5/2024 14:46,35.73119888,51.52985463,4,1332.134,,0,,29,37
11/5/2024 14:46,35.73119888,51.52985463,4,1332.215,,0,,31,36
11/5/2024 14:46,35.73119888,51.52985463,4,1332.177,,0,,29,36
11/5/2024 14:46,35.73119888,51.52985463,4,1332.057,,0,,30,35
11/5/2024 14:46,35.73119888,51.52985463,4,1332.151,,0,,32,35
11/5/2024 14:46,35.73119888,51.52985463,4,1332.049,,0,,31,35
11/5/2024 14:46,35.73119888,51.52985463,4,1332.042,,0,,31,36
11/5/2024 14:46,35.73119888,51.52985463,4,1331.944,,0,,29,36
11/5/2024 14:46,35.73119888,51.52985463,4,1331.891,,0,,29,36
11/5/2024 14:46,35.73119234,51.52985767,4,1331.859,,0.295,283,30,36
11/5/2024 14:46,35.73119541,51.52984035,4,1331.918,,1.594,281,31,37
11/5/2024 14:46,35.73120039,51.52980947,4,1331.815,,2.81,281,31,37
11/5/2024 14:46,35.73120599,51.52977486,4,1331.685,,3.182,281,32,37
11/5/2024 14:46,35.7312109,51.5297515,4,1331.514,,2.176,284,32,36
11/5/2024 14:46,35.7312157,51.52973297,4,1331.474,,1.784,287,32,36
11/5/2024 14:46,35.73122313,51.52971013,4,1331.455,,2.236,287,30,36
11/5/2024 14:46,35.73123735,51.52968577,4,1331.411,,2.686,289,29,36
11/5/2024 14:46,35.73125105,51.52967369,4,1331.268,,1.828,323,31,36
11/5/2024 14:46,35.73126085,51.52966886,4,1331.383,,1.145,338,32,37
11/5/2024 14:46,35.73127258,51.52966549,4,1331.462,,1.302,348,31,37
11/5/2024 14:46,35.73129415,51.52966433,4,1331.457,,2.402,357,29,38
11/5/2024 14:46,35.73132672,51.52967071,4,1331.356,,3.653,10,29,37
11/5/2024 14:46,35.73137215,51.52968111,4,1331.55,,5.107,10,29,38
11/5/2024 14:46,35.73142681,51.52969513,4,1331.614,,6.2,12,29,37
11/5/2024 14:46,35.73148015,51.5297091,4,1331.801,,6.091,11,27,37
11/5/2024 14:46,35.73153554,51.5297228,4,1332.002,,6.295,11,29,37
11/5/2024 14:46,35.73159139,51.52973491,4,1332.399,,6.298,10,28,37
11/5/2024 14:46,35.73164705,51.52974719,4,1332.768,,6.273,10,24,38
11/5/2024 14:46,35.73170576,51.52975856,4,1333.289,,6.605,9,24,38
11/5/2024 14:46,35.73176944,51.52977212,4,1333.512,,7.205,9,24,37
11/5/2024 14:46,35.73183118,51.52978466,4,1333.821,,6.888,9,26,37
11/5/2024 14:46,35.73188148,51.52979329,4,1334.053,,5.578,8,27,37
11/5/2024 14:46,35.7319307,51.52980323,6,1334.242,,5.035,10,26,37
11/5/2024 14:46,35.73198118,51.5298106,6,1334.518,,5.505,9,27,37
11/5/2024 14:46,35.73203707,51.52981978,4,1334.778,,6.296,8,23,37
11/5/2024 14:46,35.73209809,51.52983058,4,1335.033,,6.87,9,21,37
11/5/2024 14:46,35.73216254,51.52984364,4,1335.215,,7.32,9,26,37
11/5/2024 14:47,35.73222766,51.52985631,4,1335.417,,7.7,12,24,37
11/5/2024 14:47,35.73229641,51.52987308,6,1334.97,,7.362,9,27,37
11/5/2024 14:47,35.73236067,51.52988805,6,1335.249,,7.358,10,25,37
11/5/2024 14:47,35.73241955,51.52990092,6,1335.599,,6.877,10,23,36
11/5/2024 14:47,35.73247448,51.52991111,6,1335.628,,5.352,10,25,36
11/5/2024 14:47,35.73252472,51.52991845,6,1335.499,,4.595,11,27,37
11/5/2024 14:47,35.73257017,51.52992427,6,1335.531,,4.382,12,30,36
11/5/2024 14:47,35.73261408,51.52993892,6,1335.889,,5.416,10,27,36
11/5/2024 14:47,35.73266489,51.52995347,6,1335.92,,6.016,5,29,37
11/5/2024 14:47,35.73272522,51.52995765,6,1336.152,,6.689,7,27,38
11/5/2024 14:47,35.73279095,51.52996797,6,1336.766,,7.606,7,24,38
11/5/2024 14:47,35.73285959,51.52998021,6,1337.13,,8.412,8,26,38
11/5/2024 14:47,35.7329405,51.52999661,4,1337.647,,9.029,9,25,38
11/5/2024 14:47,35.73302627,51.53001602,6,1337.582,,9.429,9,27,38
11/5/2024 14:47,35.73310921,51.53003472,4,1337.848,,9.425,9,23,38
11/5/2024 14:47,35.73319418,51.53005095,4,1338.337,,9.657,8,22,37
11/5/2024 14:47,35.7332793,51.53006777,4,1338.215,,9.725,6,24,37
11/5/2024 14:47,35.73336363,51.53007993,6,1338.209,,8.97,6,19,37
11/5/2024 14:47,35.73344231,51.53009389,6,1338.135,,8.19,8,29,37
11/5/2024 14:47,35.73351814,51.53010878,6,1338.59,,8.379,2,25,37
11/5/2024 14:47,35.73360142,51.5301246,6,1339.79,,9.276,8,22,38
11/5/2024 14:47,35.73369324,51.53014452,6,1340.457,,9.726,10,25,36
11/5/2024 14:47,35.73378273,51.53016743,6,1340.721,,9.958,10,27,36
11/5/2024 14:47,35.7338685,51.53018949,6,1341.586,,9.169,13,28,37
11/5/2024 14:47,35.73394835,51.53021435,6,1341.263,,7.707,11,23,37
11/5/2024 14:47,35.73401309,51.53022528,6,1340.818,,7.2,9,22,37
11/5/2024 14:47,35.73407889,51.5302388,6,1340.827,,7.457,8,28,37
11/5/2024 14:47,35.7341491,51.5302529,6,1341.336,,8.191,8,24,37
11/5/2024 14:47,35.73422035,51.53026609,6,1341.91,,8.69,9,20,36
11/5/2024 14:47,35.73429394,51.5302788,4,1341.503,,8.332,8,22,36
11/5/2024 14:47,35.73436221,51.53029116,4,1341.787,,7.956,9,25,36
11/5/2024 14:47,35.73442834,51.53030333,4,1342.075,,6.698,9,20,37
11/5/2024 14:47,35.73448866,51.53030881,6,1342.131,,6.551,7,21,36
11/5/2024 14:47,35.73454466,51.53031112,6,1341.937,,6.369,5,25,36
11/5/2024 14:47,35.73460358,51.53031309,6,1342.865,,5.764,9,26,36
11/5/2024 14:47,35.73466245,51.53032346,6,1343.495,,5.858,11,28,36
11/5/2024 14:47,35.73471037,51.5303307,6,1343.833,,5.024,9,26,36
11/5/2024 14:47,35.73475228,51.53033132,6,1343.87,,4.266,3,29,36
11/5/2024 14:47,35.73479166,51.53033055,4,1343.836,,4.142,5,30,37
11/5/2024 14:47,35.7348183,51.53033977,4,1343.858,,3.071,17,32,37
11/5/2024 14:47,35.73483585,51.53035408,4,1343.512,,1.985,28,32,37
11/5/2024 14:47,35.7348502,51.53036764,4,1343.36,,1.77,40,34,37
11/5/2024 14:47,35.73485968,51.53038332,4,1343.292,,1.35,49,34,37
11/5/2024 14:47,35.73486731,51.53039556,4,1343.078,,1.495,56,35,37
11/5/2024 14:47,35.73487517,51.53041725,4,1343.127,,2.108,68,33,37
11/5/2024 14:47,35.73487992,51.5304403,4,1343.085,,3.398,81,33,37
11/5/2024 14:47,35.73488245,51.53049762,4,1342.862,,4.552,87,31,37
11/5/2024 14:47,35.73488024,51.53056811,4,1342.844,,6.083,92,31,37
11/5/2024 14:47,35.7348769,51.53064269,4,1342.839,,6.305,92,30,37
11/5/2024 14:47,35.73486708,51.53071766,4,1343.076,,6.749,93,30,37
11/5/2024 14:47,35.73485516,51.53079994,4,1343.384,,7.589,98,32,37
11/5/2024 14:47,35.73484178,51.53089405,4,1343.686,,8.373,99,30,37
11/5/2024 14:47,35.73482606,51.5309969,4,1344.142,,9.131,99,32,37
11/5/2024 14:47,35.73481144,51.53110292,4,1344.364,,9.678,99,29,37
11/5/2024 14:47,35.73479743,51.53120264,4,1344.526,,9.093,99,29,37
11/5/2024 14:47,35.73478594,51.53129233,4,1344.763,,8.334,99,29,37
11/5/2024 14:47,35.73477406,51.53138583,4,1344.95,,8.655,99,31,37
11/5/2024 14:47,35.73476057,51.53148609,4,1345.139,,9.295,99,29,37
11/5/2024 14:47,35.73474578,51.53159076,4,1345.281,,9.619,99,31,37
11/5/2024 14:47,35.73473123,51.53169478,4,1345.333,,9.424,100,33,37
11/5/2024 14:48,35.73471901,51.53179437,4,1345.58,,9.166,100,32,37
11/5/2024 14:48,35.73470606,51.53189511,4,1345.855,,9.226,99,32,37
11/5/2024 14:48,35.7346939,51.53198755,4,1346.063,,8.391,99,32,37
11/5/2024 14:48,35.73468436,51.53206247,4,1346.108,,6.891,99,33,37
11/5/2024 14:48,35.7346753,51.53213013,4,1345.894,,5.96,98,30,37
11/5/2024 14:48,35.73466844,51.53219689,4,1346.106,,6.236,98,31,37
11/5/2024 14:48,35.73466194,51.53226225,4,1346.208,,6.272,98,32,37
11/5/2024 14:48,35.7346548,51.53233013,4,1346.302,,6.236,98,33,37
11/5/2024 14:48,35.73464662,51.53239823,4,1346.529,,6.177,98,30,37
11/5/2024 14:48,35.73463864,51.53246415,4,1346.687,,6.011,99,33,37
11/5/2024 14:48,35.73462968,51.53252934,4,1346.87,,5.795,99,33,37
11/5/2024 14:48,35.73462117,51.53259259,4,1347.093,,5.7,99,32,37
11/5/2024 14:48,35.7346128,51.53265877,4,1347.129,,6.029,99,32,37
11/5/2024 14:48,35.73460464,51.53272647,4,1347.34,,6.275,99,30,37
11/5/2024 14:48,35.73459495,51.53279945,4,1347.564,,6.803,99,33,37
11/5/2024 14:48,35.73458509,51.53287979,4,1347.821,,7.413,99,30,37
11/5/2024 14:48,35.73457425,51.53296355,4,1347.993,,7.595,99,30,37
11/5/2024 14:48,35.73456246,51.5330517,4,1348.176,,7.973,99,26,37
11/5/2024 14:48,35.734551,51.53313426,4,1348.393,,7.438,99,32,37
11/5/2024 14:48,35.7345434,51.53319104,4,1348.605,,5.216,99,33,37
11/5/2024 14:48,35.73453732,51.53323619,4,1348.691,,4.187,99,33,37
11/5/2024 14:48,35.73453117,51.53328119,4,1348.754,,4.193,99,34,37
11/5/2024 14:48,35.73452395,51.5333317,4,1348.804,,4.657,100,34,37
11/5/2024 14:48,35.73451601,51.53339078,4,1348.909,,5.422,100,32,36
11/5/2024 14:48,35.73450661,51.53345747,4,1349.02,,6.148,100,29,36
11/5/2024 14:48,35.73449565,51.5335332,4,1349.137,,6.997,100,28,36
11/5/2024 14:48,35.73448428,51.53361776,4,1349.279,,7.766,99,30,36
11/5/2024 14:48,35.73447205,51.53370833,4,1349.427,,8.291,99,31,36
11/5/2024 14:48,35.73445822,51.53380285,4,1349.577,,8.675,100,31,36
11/5/2024 14:48,35.73444428,51.5339,4,1349.73,,8.922,100,29,36
11/5/2024 14:48,35.73442956,51.53399927,4,1349.853,,9.075,100,28,36
11/5/2024 14:48,35.73441489,51.53409607,4,1350.025,,8.851,100,31,36
11/5/2024 14:48,35.73439915,51.53419716,4,1350.143,,9.267,101,32,36
11/5/2024 14:48,35.73438373,51.53429266,4,1350.271,,8.796,101,32,36
11/5/2024 14:48,35.73436951,51.53437651,4,1350.423,,7.102,101,30,37
11/5/2024 14:48,35.73435868,51.5344429,4,1350.403,,6.341,101,28,37
11/5/2024 14:48,35.73435131,51.53449332,4,1350.377,,4.728,100,28,37
11/5/2024 14:48,35.73434729,51.53452782,4,1350.3,,3.255,99,30,37
11/5/2024 14:48,35.73434476,51.53455058,4,1350.22,,2.291,99,33,37
11/5/2024 14:48,35.73434289,51.53456311,4,1350.21,,1.094,101,33,37
11/5/2024 14:48,35.73434289,51.53456311,4,1350.272,,0,,33,37
11/5/2024 14:48,35.73434289,51.53456311,4,1350.28,,0,,32,37
11/5/2024 14:48,35.73434289,51.53456311,4,1350.407,,0,,32,37
11/5/2024 14:48,35.73434289,51.53456311,4,1350.366,,0,,31,37
11/5/2024 14:48,35.73434289,51.53456311,4,1350.372,,0,,32,36
11/5/2024 14:48,35.73434289,51.53456311,4,1350.409,,0,,31,36
11/5/2024 14:48,35.73434289,51.53456311,4,1350.459,,0,,32,36
11/5/2024 14:48,35.73434289,51.53456311,4,1350.487,,0,,33,36
11/5/2024 14:48,35.73434289,51.53456311,4,1350.529,,0,,31,37
11/5/2024 14:48,35.73434289,51.53456311,4,1350.536,,0,,33,36
11/5/2024 14:48,35.73434289,51.53456311,4,1350.513,,0,,33,36
11/5/2024 14:48,35.73433575,51.53457247,4,1350.499,,0.585,99,33,36
11/5/2024 14:48,35.73433487,51.53457766,4,1350.585,,0.426,102,33,36
11/5/2024 14:48,35.73433487,51.53457766,4,1350.548,,0,,33,36
11/5/2024 14:48,35.73433421,51.53458605,4,1350.529,,0.54,100,35,36
11/5/2024 14:48,35.73433305,51.53459918,4,1350.514,,1.221,99,33,36
11/5/2024 14:48,35.73432973,51.53462231,4,1350.438,,2.124,101,33,36
11/5/2024 14:48,35.73432601,51.53464483,4,1350.553,,2.145,101,35,36
11/5/2024 14:48,35.73432222,51.53466865,4,1350.007,,2.054,101,35,37
11/5/2024 14:48,35.73432006,51.53469649,4,1349.464,,2.107,98,33,37
11/5/2024 14:49,35.73431796,51.53471892,4,1349.756,,2.402,99,31,36
11/5/2024 14:49,35.73431542,51.53474963,4,1350.072,,2.899,99,33,36
11/5/2024 14:49,35.73431256,51.53477969,4,1350.377,,2.488,96,33,36
11/5/2024 14:49,35.73431317,51.53480735,4,1350.334,,2.35,89,34,37
11/5/2024 14:49,35.73431353,51.53482718,4,1350.324,,1.428,80,34,36
11/5/2024 14:49,35.73431768,51.53484809,4,1350.479,,1.555,72,35,36
11/5/2024 14:49,35.73432351,51.53486635,6,1350.791,,1.484,61,34,36
49:07.0,35.73432696,51.53487566,4,1350.886,,0.589,64,33,37
49:08.0,35.73433237,51.53487443,4,1350.884,,0.608,61,33,36
49:09.0,35.73434773,51.53488236,6,1350.908,,1.88,37,34,36
49:10.0,35.73436906,51.53489613,4,1350.47,,2.651,30,33,36
49:11.0,35.73439757,51.53491195,4,1350.65,,3.476,23,33,36
49:12.0,35.73443763,51.53492961,4,1350.784,,4.73,19,30,36
49:13.0,35.73448918,51.53494413,4,1350.928,,5.84,13,30,36
49:14.0,35.73453883,51.53495678,4,1350.963,,5.671,11,29,36
49:15.0,35.73459134,51.53496773,4,1350.844,,5.843,10,29,36
49:16.0,35.73464325,51.534978,4,1351.039,,5.795,9,27,36
49:17.0,35.73469256,51.53498925,4,1351.324,,5.606,10,26,36
49:18.0,35.73473999,51.53499974,4,1351.564,,5.379,10,28,36
49:19.0,35.73478686,51.53500862,4,1351.572,,5.364,10,26,36
49:20.0,35.73483548,51.53501723,4,1351.784,,5.739,9,28,36
49:21.0,35.73488529,51.53502489,4,1351.88,,5.894,9,25,36
49:22.0,35.73493564,51.5350334,6,1352.122,,6.077,8,28,36
49:23.0,35.73498929,51.53504502,6,1352.863,,6.101,9,30,36
49:24.0,35.73505019,51.53505874,6,1353.274,,6.617,10,29,36
49:25.0,35.73511357,51.5350689,6,1353.639,,6.484,8,24,36
49:26.0,35.73516819,51.53507943,4,1353.738,,5.912,9,24,36
49:27.0,35.7352168,51.53509139,4,1353.983,,5.862,10,22,36
49:28.0,35.73527072,51.53510353,4,1354.238,,6.016,9,22,36
49:29.0,35.73532238,51.53511577,4,1354.591,,5.304,10,26,36
49:30.0,35.73536709,51.53512595,6,1354.147,,4.589,10,24,36
49:31.0,35.73540817,51.53513194,6,1354.358,,4.003,8,29,36
49:32.0,35.73543839,51.53513341,6,1355.142,,3.97,3,28,36
49:33.0,35.73546739,51.53513907,6,1354.39,,3.318,14,26,36
49:34.0,35.7354946,51.53514845,6,1354.219,,2.549,16,27,36
49:35.0,35.73552089,51.53515873,6,1354.347,,3.381,21,27,36
49:36.0,35.73556222,51.5351719,6,1354.556,,5.164,11,25,35
49:37.0,35.73561899,51.53518252,6,1354.543,,5.797,15,26,36
49:38.0,35.73567282,51.53519348,6,1355.338,,5.049,8,27,36
49:39.0,35.73572243,51.53519684,6,1355.376,,4.928,6,26,36
49:40.0,35.7357752,51.53519888,6,1355.622,,5.12,9,24,36
49:41.0,35.73582315,51.53520413,6,1355.747,,5.252,8,25,36
49:42.0,35.73587418,51.5352115,4,1355.956,,5.188,8,26,36
49:43.0,35.73592346,51.53522031,4,1356.319,,5.321,9,28,36
49:44.0,35.73597574,51.53522941,6,1356.452,,5.745,10,28,36
49:45.0,35.73602843,51.53523922,6,1356.229,,5.763,12,25,35
49:46.0,35.73607727,51.53524931,6,1356.057,,5.261,12,23,35
49:47.0,35.73612152,51.53526069,6,1356.486,,5.169,10,27,35
49:48.0,35.73616227,51.53527101,6,1356.428,,4.952,9,28,34
49:49.0,35.73620364,51.53527889,6,1356.637,,4.904,9,28,34
49:50.0,35.73624229,51.53528773,6,1356.744,,4.632,10,27,34
49:51.0,35.73628716,51.53529178,6,1357.21,,4.849,8,25,35
49:52.0,35.73633442,51.53529774,6,1357.911,,4.347,9,28,35
49:53.0,35.73637903,51.53530564,6,1358.314,,4.538,8,27,34
49:54.0,35.73642238,51.53531347,6,1358.386,,4.488,9,31,35
49:55.0,35.73646415,51.5353216,6,1358.691,,3.904,9,30,35
49:56.0,35.73650422,51.53532637,4,1358.809,,4.034,9,29,35
49:57.0,35.73653983,51.53533111,4,1358.797,,3.99,9,29,35
49:58.0,35.73657675,51.53533537,6,1358.922,,4.01,8,27,35
49:59.0,35.7366119,51.53534067,6,1359.245,,4.073,8,26,35
50:00.0,35.73664464,51.53534525,6,1359.285,,3.752,8,25,35
50:01.0,35.73667815,51.53535369,4,1359.359,,3.865,9,25,36
50:02.0,35.73671123,51.53536129,4,1359.544,,3.82,11,27,36
50:03.0,35.73674283,51.53536918,4,1359.889,,3.794,11,27,36
50:04.0,35.73677663,51.53538306,6,1359.319,,3.956,13,28,36
50:05.0,35.73681078,51.53539292,6,1359.461,,4.032,11,27,34
50:06.0,35.73684555,51.5354045,6,1359.416,,3.997,11,26,35
50:07.0,35.73687954,51.53541171,6,1359.515,,3.968,10,27,35
50:08.0,35.73691263,51.53541867,6,1359.841,,3.748,10,29,35
50:09.0,35.73694653,51.53542323,6,1359.982,,3.596,9,28,35
50:10.0,35.73697854,51.53542857,6,1360.079,,3.647,10,28,35
50:11.0,35.73700687,51.53543564,6,1360.194,,3.36,10,28,35
50:12.0,35.73703532,51.53544131,6,1360.328,,3.135,10,29,35
50:13.0,35.73706306,51.53544659,6,1360.651,,3.233,9,31,35
50:14.0,35.73708954,51.53545165,6,1361.314,,2.861,5,31,37
50:15.0,35.73711516,51.53545705,6,1361.029,,2.881,8,29,37
50:16.0,35.73714538,51.53546337,6,1361.424,,3.092,9,31,36
50:17.0,35.73717801,51.53546835,6,1361.262,,3.257,9,31,37
50:18.0,35.73721597,51.53547384,6,1361.302,,3.664,10,31,37
50:19.0,35.73725214,51.53548001,6,1361.3,,4.03,10,31,37
50:20.0,35.73728979,51.53548785,6,1361.584,,4.261,9,31,37
50:21.0,35.73732726,51.53549616,6,1361.728,,3.602,9,27,37
50:22.0,35.73735509,51.53550057,6,1361.77,,3.352,8,31,37
50:23.0,35.73737531,51.53550285,6,1361.955,,2.27,8,29,36
50:24.0,35.73738938,51.53550261,6,1361.903,,1.446,8,31,36
50:25.0,35.73740949,51.53550511,6,1362.158,,2.195,8,30,36
50:26.0,35.73743648,51.53551097,6,1362.296,,3.089,8,30,36
50:27.0,35.73746855,51.53551719,6,1362.475,,3.582,8,31,36
50:28.0,35.73750106,51.53552392,6,1362.675,,3.589,9,31,36
50:29.0,35.73753616,51.53553248,6,1362.847,,4.143,10,29,36
50:30.0,35.73758278,51.5355431,4,1363.011,,5.34,10,27,36
50:31.0,35.73762575,51.5355525,4,1363.282,,4.765,10,30,36
50:32.0,35.73765377,51.53555836,6,1363.39,,3.161,10,31,36
50:33.0,35.73768145,51.53556426,6,1363.53,,3.13,10,25,36
50:34.0,35.73770494,51.53556914,6,1363.589,,2.653,9,28,36
50:35.0,35.73772249,51.53557069,6,1363.29,,1.318,18,26,36
50:36.0,35.73773131,51.53556903,6,1363.835,,1.391,4,28,36
50:37.0,35.73773623,51.53556833,6,1363.98,,1.048,2,29,36
50:38.0,35.73773623,51.53556833,8,1363.778,,0,,29,36
50:39.0,35.73773514,51.5355665,8,1363.728,,0.445,2,28,36
50:40.0,35.73774183,51.53556654,8,1364.018,,0.792,360,30,36
50:41.0,35.73775194,51.5355666,8,1364.379,,1.032,5,33,35
50:42.0,35.73777053,51.53556899,8,1364.662,,1.95,6,30,35
50:43.0,35.73779226,51.535571,8,1365.039,,1.997,4,33,36
50:44.0,35.73782452,51.5355763,8,1365.148,,3.044,10,32,36
50:45.0,35.73786465,51.53558481,8,1365.457,,4.063,10,28,36
50:46.0,35.73790286,51.53559307,6,1365.554,,3.988,9,28,36
50:47.0,35.73794789,51.53560442,6,1365.732,,4.802,9,30,37
50:48.0,35.73799301,51.53561298,4,1365.862,,4.997,9,29,37
50:49.0,35.73803335,51.53562093,4,1365.942,,4.461,9,29,37
50:50.0,35.73806945,51.53562944,4,1365.935,,4.015,9,28,37
50:51.0,35.73810283,51.5356382,4,1365.933,,3.773,9,25,37
50:52.0,35.73812579,51.53564657,4,1366.005,,2.797,10,29,37
50:53.0,35.73814402,51.53565188,4,1365.937,,2.091,10,28,37
50:54.0,35.73816427,51.53565763,4,1365.949,,2.372,11,28,37
50:55.0,35.73817821,51.53566399,4,1365.946,,1.812,16,27,37
50:56.0,35.73818289,51.53566727,4,1366.052,,0.683,18,29,37
50:57.0,35.73818289,51.53566727,4,1366.107,,0,,27,37
50:58.0,35.73818289,51.53566727,4,1366.061,,0,,26,37
50:59.0,35.73818289,51.53566727,4,1366.033,,0,,27,37
51:00.0,35.73818289,51.53566727,4,1365.967,,0,,24,37
51:01.0,35.73818289,51.53566727,6,1365.936,,0,,25,37
51:02.0,35.73818289,51.53566727,6,1365.935,,0,,24,37
51:03.0,35.73818289,51.53566727,6,1365.941,,0,,24,36
51:04.0,35.73818289,51.53566727,6,1365.865,,0,,23,37
51:05.0,35.73818289,51.53566727,4,1365.778,,0,,23,37
51:06.0,35.73818289,51.53566727,4,1365.742,,0,,23,37
51:07.0,35.73818645,51.5356675,4,1365.711,,0.307,13,30,37
51:08.0,35.73819284,51.5356714,4,1365.713,,0.736,15,31,37
51:09.0,35.73819926,51.5356753,6,1365.723,,0.803,15,32,36
51:10.0,35.73820376,51.53567745,4,1365.684,,0.529,15,31,35
51:11.0,35.73820376,51.53567745,4,1365.612,,0,,30,36
51:12.0,35.73820376,51.53567745,4,1365.487,,0,,31,36
51:13.0,35.73820376,51.53567745,4,1365.439,,0,,30,36
51:14.0,35.73820376,51.53567745,4,1365.438,,0,,30,37
51:15.0,35.73820376,51.53567745,4,1365.573,,0,,31,37
51:16.0,35.73820376,51.53567745,4,1365.567,,0,,29,37
51:17.0,35.73821937,51.5356858,4,1365.611,,1.4,16,32,37
51:18.0,35.73823868,51.53569076,4,1365.705,,2.169,11,31,37
51:19.0,35.73826044,51.53569651,4,1365.592,,2.266,8,30,36
51:20.0,35.73828545,51.53570077,4,1365.803,,2.675,6,30,36
51:21.0,35.73831027,51.53570349,4,1365.813,,2.497,7,32,36
51:22.0,35.73833032,51.53570861,4,1365.934,,1.813,8,33,37
51:23.0,35.73834764,51.5357109,4,1365.896,,1.949,7,33,37
51:24.0,35.7383658,51.53571312,4,1365.93,,2.17,8,32,37
51:25.0,35.73838543,51.53571521,4,1365.691,,2.213,3,31,37
51:26.0,35.73840467,51.5357184,4,1365.915,,2.204,8,29,37
51:27.0,35.73842238,51.535722,4,1365.949,,2.23,9,30,37
51:28.0,35.73843681,51.53572446,4,1366.16,,1.315,21,30,37
51:29.0,35.7384472,51.53572748,4,1366.009,,1.267,11,33,37
51:30.0,35.73845749,51.53572633,4,1366.103,,0.821,14,31,37
51:31.0,35.73846471,51.53572604,4,1366.013,,0.357,15,31,37
51:32.0,35.73847038,51.5357249,4,1365.96,,0.375,8,31,37
51:33.0,35.73847644,51.53572551,4,1365.908,,0.489,7,32,37
51:34.0,35.73848554,51.53572832,4,1365.84,,0.817,14,32,37
51:35.0,35.73849563,51.5357311,4,1365.817,,1.059,16,32,37
51:36.0,35.7385018,51.53573293,4,1365.794,,0.604,20,32,37
51:37.0,35.7385018,51.53573293,4,1365.942,,0,,30,37
51:38.0,35.73850992,51.53573418,4,1365.944,,0.55,17,31,37
51:39.0,35.73851691,51.53573664,4,1365.908,,0.822,17,31,37
51:40.0,35.73852347,51.53574079,4,1365.919,,0.801,17,31,37
51:41.0,35.73853024,51.53574384,4,1365.929,,0.833,18,32,37
51:42.0,35.73853651,51.53574653,4,1365.863,,0.785,18,30,37
51:43.0,35.73854177,51.53574983,4,1365.827,,0.692,18,30,37
51:44.0,35.73855672,51.53575483,4,1365.846,,1.759,16,30,37
51:45.0,35.73858168,51.53576196,4,1366.117,,2.899,12,31,37
51:46.0,35.7386196,51.53577025,4,1366.297,,4.28,9,31,37
51:47.0,35.73866729,51.53577915,4,1366.503,,5.318,9,31,37
51:48.0,35.73871306,51.53578645,4,1366.738,,5.156,7,28,37
51:49.0,35.73875944,51.53579258,4,1366.977,,5.175,7,27,36
51:50.0,35.73880531,51.5357983,4,1367.176,,5.187,6,26,37
51:51.0,35.73884978,51.5358039,4,1367.284,,5.033,6,26,36
51:52.0,35.73889269,51.53580981,6,1367.341,,4.701,14,27,36
51:53.0,35.73892997,51.53581963,6,1367.745,,4.755,9,25,36
51:54.0,35.73896809,51.53582503,6,1368.272,,4.574,10,27,37
51:55.0,35.73901246,51.53583249,6,1368.407,,5.452,8,27,37
51:56.0,35.73905608,51.53584104,6,1368.592,,5.246,14,26,36
51:57.0,35.73910041,51.53585474,6,1369.391,,5.033,11,29,36
51:58.0,35.73915278,51.5358646,6,1369.547,,5.251,10,28,36
51:59.0,35.73920257,51.53587852,6,1369.665,,5.132,9,30,36
52:00.0,35.73925298,51.53588799,6,1369.934,,4.978,8,25,36
52:01.0,35.73929424,51.53589308,6,1370.471,,4.82,2,25,36
52:02.0,35.73933419,51.53589616,6,1371.168,,3.874,4,25,36
52:03.0,35.7393614,51.53589833,6,1370.515,,3.709,11,27,36
52:04.0,35.73939015,51.53590725,6,1370.73,,3.459,11,26,36
52:05.0,35.73942135,51.53591576,6,1371.255,,2.289,10,24,36
52:06.0,35.73943925,51.53592649,6,1371.087,,1.949,10,25,37
52:07.0,35.73946636,51.53594001,6,1371.412,,2.666,9,26,37
52:08.0,35.73949821,51.53595505,6,1371.324,,3.004,8,27,37
52:09.0,35.7395265,51.5359626,6,1371.244,,3.391,7,28,37
52:10.0,35.73956227,51.53597396,6,1371.366,,3.755,10,28,37
52:11.0,35.73959269,51.5359811,6,1371.437,,3.16,9,27,37
52:12.0,35.73961541,51.53598154,6,1371.47,,2.492,9,28,37
52:13.0,35.7396416,51.53598403,6,1371.621,,3.024,9,28,37
52:14.0,35.73966661,51.53598863,6,1371.88,,2.755,6,29,37
52:15.0,35.73968552,51.53599213,6,1372.051,,2.121,9,30,36
52:16.0,35.73970199,51.5359952,6,1372.185,,1.907,8,29,36
52:17.0,35.73972658,51.5359939,6,1372.449,,1.502,8,29,36
52:18.0,35.73974777,51.53599365,6,1372.406,,1.601,11,28,36
52:19.0,35.73977195,51.53599177,6,1372.303,,1.819,9,28,36
52:20.0,35.73979596,51.53599172,6,1372.188,,1.863,9,28,36
52:21.0,35.73981771,51.53599664,6,1372.093,,2.071,9,28,36
52:22.0,35.73984444,51.5360011,6,1372.069,,2.837,9,28,36
52:23.0,35.73988127,51.53600888,6,1372.181,,3.936,10,31,36
52:24.0,35.73993013,51.53601947,4,1372.293,,5.387,10,29,36
52:25.0,35.73998528,51.53603032,4,1372.559,,6.077,10,29,36
52:26.0,35.74003687,51.53604076,4,1372.779,,5.816,9,28,37
52:27.0,35.74008841,51.53605069,4,1373.215,,6.046,9,28,36
52:28.0,35.74015238,51.53606445,4,1373.36,,7.027,10,27,36
52:29.0,35.74021637,51.53607613,6,1373.352,,7.335,9,22,36
52:30.0,35.74028713,51.53609121,6,1373.276,,7.816,10,22,36
52:31.0,35.74036028,51.53610401,6,1373.613,,8.192,11,26,37
52:32.0,35.74043618,51.53612123,6,1374.144,,8.499,11,29,36
52:33.0,35.74051984,51.53613573,6,1374.96,,9.009,9,26,36
52:34.0,35.74060024,51.53615024,6,1375.589,,9.21,9,22,37
52:35.0,35.74068506,51.53616595,6,1375.653,,9.832,10,27,36
52:36.0,35.74077229,51.53618239,6,1376.161,,9.816,9,27,36
52:37.0,35.740854,51.5361974,6,1376.478,,9.114,8,27,36
52:38.0,35.74092563,51.53621223,4,1376.725,,7.935,10,27,35
52:39.0,35.74099306,51.53622567,4,1376.985,,7.425,10,29,35
52:40.0,35.7410593,51.53623896,4,1377.241,,7.372,11,26,35
52:41.0,35.74112286,51.53625337,4,1376.996,,6.942,9,27,35
52:42.0,35.74118822,51.53626783,4,1377.482,,7.461,10,22,35
52:43.0,35.74125028,51.53627954,4,1377.864,,6.786,9,23,35
52:44.0,35.74130156,51.53628842,6,1378.25,,5.527,10,23,35
52:45.0,35.74134823,51.53629687,6,1378.804,,3.527,1,22,35
52:46.0,35.74137641,51.53629572,6,1378.254,,2.204,4,29,35
52:47.0,35.74139278,51.53629804,6,1378.458,,3.075,10,25,35
52:48.0,35.74142116,51.53629995,8,1378.881,,3.967,2,26,35
52:49.0,35.74145714,51.53629917,8,1378.432,,4.193,6,29,35
52:50.0,35.74150058,51.53630613,8,1379.472,,4.783,10,29,35
52:51.0,35.74155762,51.53630829,8,1380.076,,4.905,9,31,35
52:52.0,35.7416111,51.53632037,6,1379.981,,4.698,9,29,35
52:53.0,35.74165993,51.53633541,6,1380.105,,4.746,12,26,35
52:54.0,35.74170496,51.53634802,6,1380.434,,5.307,9,28,35
52:55.0,35.74175145,51.53635694,6,1380.786,,4.455,9,28,35
52:56.0,35.74178261,51.53636382,6,1380.908,,2.571,9,29,35
52:57.0,35.74180506,51.53636846,6,1381.116,,2.604,8,31,35
52:58.0,35.74182584,51.53636989,6,1381.242,,2.414,9,31,35
52:59.0,35.74183912,51.53637422,6,1381.362,,1.556,9,32,35
53:00.0,35.74184803,51.53637825,6,1381.428,,1.234,7,28,35
53:01.0,35.74185346,51.53638124,6,1381.152,,0.8,9,26,35
53:02.0,35.74185754,51.5363818,6,1381.47,,0.403,10,28,36
53:03.0,35.74185754,51.5363818,6,1381.376,,0,,28,36
53:04.0,35.74185754,51.5363818,6,1381.329,,0,,27,36
53:05.0,35.74185754,51.5363818,6,1381.252,,0,,26,36
53:06.0,35.74187686,51.53638524,6,1381.292,,1.522,9,27,36
53:07.0,35.74190556,51.53638728,6,1381.074,,3.086,9,23,37
53:08.0,35.74194007,51.53639456,6,1381.423,,3.844,10,27,37
53:09.0,35.74198032,51.53640214,6,1381.53,,4.196,10,29,37
53:10.0,35.74201809,51.53641026,4,1381.597,,4.158,9,29,37
53:11.0,35.74205568,51.53641795,4,1381.744,,4.219,9,31,36
53:12.0,35.74209251,51.53642515,4,1381.845,,4.066,9,29,36
53:13.0,35.74211728,51.53643133,4,1382.087,,2.685,10,30,36
53:14.0,35.74213893,51.53643584,6,1382.554,,1.679,10,29,36
53:15.0,35.74215393,51.53643768,6,1382.887,,1.845,11,28,36
53:16.0,35.74217291,51.53644124,6,1382.876,,2.681,11,31,37
53:17.0,35.74220428,51.53644121,6,1382.837,,3.01,11,29,36
53:18.0,35.7422306,51.53644418,6,1382.949,,2.925,12,29,36
53:19.0,35.74225559,51.53644705,6,1382.88,,1.463,13,31,36
53:20.0,35.74226533,51.53644486,6,1383.071,,0.9,6,27,36
53:21.0,35.74227485,51.5364436,6,1382.98,,0.718,5,25,36
53:22.0,35.74227931,51.53644635,6,1382.975,,0.744,4,27,36
53:23.0,35.742295,51.53644399,6,1382.913,,1.677,350,28,36
53:24.0,35.74230931,51.5364431,6,1383.343,,1.505,339,30,36
53:25.0,35.7423222,51.53641908,6,1383.578,,2.731,295,28,36
53:26.0,35.7423256,51.53637996,4,1383.326,,3.499,272,29,36
53:27.0,35.74232608,51.53634472,4,1383.446,,4.445,270,26,36
53:28.0,35.74232691,51.53629583,4,1383.334,,6.259,277,24,37
53:29.0,35.74233148,51.53622353,4,1382.464,,6.467,275,21,36
53:30.0,35.74234308,51.53614716,6,1382.643,,6.629,275,24,37
53:31.0,35.74235043,51.53607266,6,1382.449,,6.722,282,20,37
53:32.0,35.74236552,51.5359915,6,1382.345,,7.619,281,20,37
53:33.0,35.7423798,51.53588531,6,1382.473,,9.069,279,24,37
53:34.0,35.7423937,51.53577466,6,1382.461,,9.839,279,21,37
53:35.0,35.74240816,51.53566092,6,1382.471,,10.199,279,22,36
53:36.0,35.74242474,51.53554565,6,1382.331,,10.188,279,22,37
53:37.0,35.74243857,51.53543971,6,1381.577,,9.297,279,21,36
53:38.0,35.74244981,51.53534053,8,1381.313,,8.672,278,18,36
53:39.0,35.74246217,51.5352416,6,1380.911,,8.603,279,21,35
53:40.0,35.74247629,51.53514324,6,1380.748,,8.804,279,22,35
53:41.0,35.74249161,51.53504243,6,1380.701,,8.644,279,18,35
53:42.0,35.7425076,51.53493487,6,1380.645,,9.104,279,20,37
53:43.0,35.74252081,51.53482862,6,1380.692,,9.41,278,16,37
53:44.0,35.74253647,51.5347296,6,1380.733,,8.5,279,15,37
53:45.0,35.74255037,51.53464795,6,1380.805,,7.491,280,18,37
53:46.0,35.74256316,51.53457615,6,1381.039,,6.611,278,18,37
53:47.0,35.74257447,51.53451177,6,1380.978,,5.875,278,23,37
53:48.0,35.74258528,51.53445026,6,1380.901,,5.103,278,23,36
53:49.0,35.74259902,51.53439207,8,1380.566,,4.511,280,26,36
53:50.0,35.74260878,51.53433807,6,1380.249,,2.634,281,22,37
53:51.0,35.74261723,51.53430475,8,1380.228,,2.414,282,28,37
53:52.0,35.74262517,51.53427461,6,1379.664,,1.895,281,27,36
53:53.0,35.74263054,51.53424954,6,1378.686,,1.721,281,27,37
53:54.0,35.74263438,51.53423744,6,1377.806,,1.113,279,25,36
53:55.0,35.7426378,51.53421874,6,1377.758,,0.89,282,28,35
53:56.0,35.74263799,51.53421188,6,1377.757,,0.584,284,26,35
